DATE,MONTH,TIME,TYPE OF EMR (CATEGORY),INVOLVED,LOCATION,DISTRICT ,LATITUDE (degrees),LONGTITUDE (decimal),LATITUDE (decimal),LONGTITUDE (decimal)
"Jan 1, 2022",January 2022,12:42:00 AM,Vehicular / Road Traffic Accident,Motorcycle (Loss of Control),espana lacson,District 4," 14°36'34.86""N","120°59'34.13""E",14.609683,120.992814
"Jan 1, 2022",January 2022,1:55:00 AM,Vehicular / Road Traffic Accident,Motorcycle (Loss of Control),osmeña highway north bound,District 5," 14°33'56.36""N","121° 0'11.61""E",14.565656,121.003225
"Jan 1, 2022",January 2022,2:11:00 AM,Vehicular / Road Traffic Accident,Motorcycle (Loss of Control),roxas blvd cor pedro gil,District 5,"14°33'56.36""N","121° 0'11.61""E",14.565656,121.003225
"Jan 1, 2022",January 2022,3:00:00 AM,Vehicular / Road Traffic Accident,Motorcycle (Loss of Control),osmena highway,District 5," 14°36'2.19""N","120°59'48.01""E",14.600608,120.996669
"Jan 1, 2022",January 2022,6:46:00 AM,Vehicular / Road Traffic Accident,Motorcycle (Loss of Control),legarda infront of Arellano University,District 4," 14°35'59.26""N","120°59'3.36""E",14.599794,120.984267
"Jan 3, 2022",January 2022,8:57:00 AM,Vehicular / Road Traffic Accident,Motorcycle (Loss of Control),quezon blvd. south bound,District 4," 14°35'30.72""N","120°58'49.31""E",14.591867,120.980364
"Jan 6, 2022",January 2022,6:48:00 PM,Vehicular / Road Traffic Accident,Motorcycle (Loss of Control),mehan garden,District 5," 14°34'20.16""N","120°58'57.88""E",14.572267,120.982744
"Jan 6, 2022",January 2022,7:53:00 PM,Vehicular / Road Traffic Accident,Motorcycle vs Sedan,M.H DEL PILAR cor. QUINTOS ST MALATE MANILA,District 5,"14°35'30.72""N","120°58'49.31""E",14.591867,120.980364
"Jan 6, 2022",January 2022,6:48:00 PM,Vehicular / Road Traffic Accident,Motorcycle (Loss of Control),mehan garden,District 5," 14°33'56.07""N","120°59'16.11""E",14.565575,120.987808
"Jan 12, 2022",January 2022,12:00:00 PM,Vehicular / Road Traffic Accident,Motorcycle vs PUV, Quirino Ave. Cor. Mother Ignacia,," 14°36'13.20""N","120°59'14.94""E",14.603667,120.987483
"Feb 4, 2022",February 2022,9:28:00 AM,Vehicular / Road Traffic Accident,Motorcycle (Loss of Control),IN FRONT OF FEU,District 4," 14°36'57.50""N","120°59'19.93""E",14.615972,120.988869
"Feb 21, 2022",February 2022,11:45:00 AM,Vehicular / Road Traffic Accident,Motorcycle (Loss of Control),Dimasalang cor. Dangwa,District 4," 14°34'27.54""N","120°59'17.91""E",14.574317,120.988308
"Feb 21, 2022",February 2022,6:51:00 PM,Vehicular / Road Traffic Accident,Motorcycle (Loss of Control),General Malvar South Bound,District 5," 14°35'25.79""N","121° 1'15.04""E",14.590497,121.020844
"Feb 25, 2022",February 2022,9:22:00 AM,Vehicular / Road Traffic Accident,Motorcycle vs Ebike/Bike,Lubiran st. Bacood Sta Mesa,District 6," 14°34'49.59""N","120°59'26.48""E",14.580442,120.990689
"Feb 28, 2022",February 2022,3:09:00 PM,Vehicular / Road Traffic Accident,Motorcycle (Loss of Control),Apacible St.,District 5," 14°36'28.59""N","121° 0'31.65""E",14.607942,121.008792
"Mar 3, 2022",March 2022,11:58:00 PM,Vehicular / Road Traffic Accident,Bicycle (Loss of control),mindanao ext. sampaloc manila ,District 4," 14°34'25.98""N","120°59'35.08""E",14.573883,120.993078
"Mar 5, 2022",March 2022,7:07:00 AM,Vehicular / Road Traffic Accident,Motorcycle (Loss of Control),Remedios Cor. Benitez St. Malate ,District 5," 14°34'54.66""N","120°59'21.31""E",14.58185,120.989253
"Mar 8, 2022",March 2022,10:49:00 AM,Vehicular / Road Traffic Accident,Motorcycle vs Truck,Back Of Paco Park,District 5," 14°34'51.14""N","120°59'50.26""E",,
"Mar 15, 2022",March 2022,1:36:00 PM,Vehicular / Road Traffic Accident,Motorcycle vs Sedan,Penafrancia cor San Antonio,District 5," 14°35'51.48""N","120°58'34.38""E",14.597633,120.976217
"Mar 19, 2022",March 2022,7:14:00 AM,Vehicular / Road Traffic Accident,Motorcycle (Loss of Control),DASMARIÑAS ST BINONDO MANILA,District 3," 14°33'56.31""N","120°59'15.95""E",14.565642,120.987764
"Mar 20, 2022",March 2022,3:39:00 AM,Vehicular / Road Traffic Accident,Motorcycle vs SUV,MOTHER IGNACIA COR QUIRINO AVE.,District 5,,,,
"Mar 20, 2022",March 2022,5:50:00 PM,Vehicular / Road Traffic Accident,Motorcycle (Loss of Control),PANDACAN MANILA,District 6," 14°36'13.95""N","120°58'27.25""E",14.610564,120.974236
"Mar 23, 2022",March 2022,9:25:00 AM,Vehicular / Road Traffic Accident,Motorcycle vs Motorcycle,Reina regente st,District 3," 14°34'2.25""N","120°59'1.70""E",14.567292,120.983806
"Mar 23, 2022",March 2022,11:56:00 AM,Vehicular / Road Traffic Accident,Motorcycle vs SUV, roxas boulevard,District 5," 14°34'7.61""N","121° 0'5.59""E",14.568781,121.001553
"Mar 24, 2022",March 2022,5:37:00 PM,Vehicular / Road Traffic Accident,Motorcycle vs Sedan,Osmeña highway cor San Andres street.,District 5," 14°36'16.39""N","120°59'7.39""E",14.604553,120.985386
"Mar 25, 2022",March 2022,7:14:00 PM,Vehicular / Road Traffic Accident,Motorcycle (Loss of Control),quezon blvd. corner lerma st. quiapo manil,District 3," 14°35'0.68""N","120°58'30.03""E",14.583522,120.975008
"Mar 25, 2022",March 2022,8:24:00 PM,Vehicular / Road Traffic Accident,Motorcycle vs SUV,roxas blvd. infront of manila hotel,District 5," 14°33'58.38""N","120°59'17.73""E",14.566217,120.988258
"Mar 26, 2022",March 2022,6:04:00 PM,Vehicular / Road Traffic Accident,Motorcycle vs SUV,"Adriatico st,cor quirino ave.",District 5," 14°35'38.02""N","121° 0'43.99""E",14.593894,121.012219
"Apr 2, 2022",April 2022,11:27:00 AM,Vehicular / Road Traffic Accident,Motorcycle vs SUV,Zamora Bridge,District 6," 14°34'13.95""N","120°59'12.71""E",14.570542,120.986864
"Apr 8, 2022",April 2022,1:23:00 AM,Vehicular / Road Traffic Accident,Motorcycle vs Pedestrian,Bocobo st. near remedios circle,District 3," 14°37'0.01""N","120°58'50.60""E",14.616669,120.980722
"Apr 12, 2022",April 2022,10:25:00 AM,Vehicular / Road Traffic Accident,Motorcycle (Loss of Control),Tayuman,District 2," 14°34'43.68""N","120°58'40.63""E",14.5788,120.977953
"Apr 13, 2022",April 2022,2:48:00 PM,Vehicular / Road Traffic Accident,Motorcycle vs SUV,Roxas Blvd. cor. UN Ave,District 3," 14°34'26.01""N","120°58'59.21""E",14.573892,120.983114
"Apr 16, 2022",April 2022,9:35:00 AM,Vehicular / Road Traffic Accident,Motorcycle vs PUJ,"P. Gil St. Cor. Mabini St. Malate, Mla",District 5," 14°33'34.94""N","120°59'14.63""E",14.559706,120.987397
"Apr 18, 2022",April 2022,6:07:00 PM,Vehicular / Road Traffic Accident,Motorcycle vs Sedan, p. Ocampo cor. Service Road,District 5,,,,
"Apr 18, 2022",April 2022,12:17:00 PM,Vehicular / Road Traffic Accident,Motorcycle (Loss of Control), concerned citizeninvolving mc loss of control avoiding pedestrian,," 14°36'43.82""N","120°57'38.20""E",14.612172,120.960611
"Apr 19, 2022",April 2022,9:47:00 PM,Vehicular / Road Traffic Accident,Motorcycle vs Motorcycle,road 10 Mel Lopez cor. chesa,District 1," 14°35'13.42""N","120°58'50.45""E",14.587061,120.980681
"Apr 22, 2022",April 2022,10:08:00 PM,Vehicular / Road Traffic Accident,Motorcycle vs SUV, p.burgos infront of national museum,District 5," 14°35'51.73""N","120°59'2.10""E",14.597703,120.983917
"Apr 22, 2022",April 2022,5:43:00 PM,Vehicular / Road Traffic Accident,Motorcycle vs PUV,Quiapo Manila,District 3," 14°35'51.08""N","120°59'17.42""E",14.597522,120.988172
"Apr 23, 2022",April 2022,6:21:00 PM,Vehicular / Road Traffic Accident,Motorcycle (Loss of Control), 2nd st corner  conception aguila,District 3," 14°35'19.66""N","120°58'51.88""E",14.588794,120.981078
"Apr 23, 2022",April 2022,3:02:00 PM,Vehicular / Road Traffic Accident,Motorcycle (Loss of Control),Lagusnilad Ilalim,District 5," 14°36'12.82""N","121° 1'0.20""E",14.603561,121.016722
"Apr 24, 2022",April 2022,10:48:00 PM,Vehicular / Road Traffic Accident,Motorcycle vs PUJ,sta ana manila,District 6," 14°34'13.62""N","120°59'29.66""E",14.570506,120.991572
"Apr 24, 2022",April 2022,8:47:00 AM,Vehicular / Road Traffic Accident,Motorcycle (Loss of Control),Quirino cor Taft avenue,District 5," 14°37'16.05""N","120°58'5.42""E",14.621125,120.968172
"Apr 25, 2022",April 2022,7:54:00 PM,Vehicular / Road Traffic Accident,Motorcycle vs Truck,Manila Harbour Centre in front of Oceanic Container Lines,District 1," 14°35'19.78""N","120°58'56.23""E",14.588828,120.982286
"Apr 25, 2022",April 2022,7:45:00 PM,Vehicular / Road Traffic Accident,Bicycle (Loss of Control), LANDBANK-YMCA ,District 5," 14°34'54.17""N","120°58'50.61""E",14.581714,120.980725
"Apr 25, 2022",April 2022,2:07:00 AM,Vehicular / Road Traffic Accident,PUV vs Pedestrian,Kalaw Taft Manila,District 5," 14°35'34.02""N","121° 1'6.05""E",14.592783,121.018347
"Apr 26, 2022",April 2022,4:44:00 PM,Vehicular / Road Traffic Accident,Motorcycle (Loss of Control),Lubiran Bacood Sta. Mesa Manila,District 6," 14°35'25.34""N","120°58'50.90""E",14.590372,120.980806
"Apr 28, 2022",April 2022,7:29:00 PM,Vehicular / Road Traffic Accident,Motorcycle vs Pedestrian, p.burgos cor. Natividad,District 5," 14°33'55.79""N","120°59'48.38""E",14.565497,120.996772
"Apr 29, 2022",April 2022,3:34:00 PM,Vehicular / Road Traffic Accident,Motorcycle (Loss of Control),Estrada cor. Singalong,District 5," 14°35'23.32""N","120°58'51.59""E",14.589811,120.980997
"Apr 29, 2022",April 2022,12:13:00 AM,Vehicular / Road Traffic Accident,PUV vs Ebike/Bike,Padre Burgos in front of Manila City Hall,District 5," 14°35'16.75""N","121° 0'2.61""E",14.587986,121.000725
"Apr 30, 2022",April 2022,3:47:00 PM,Vehicular / Road Traffic Accident,Motorcycle (Loss of Control),Obesis Pandacan Manila,District 6," 14°35'2.36""N","120°59'21.45""E",14.583989,120.989292
"May 2, 2022",May 2022,10:21:00 AM,Vehicular / Road Traffic Accident,Motorcycle vs Sedan,UN Ave.,District 5," 14°34'30.42""N","120°58'46.40""E",14.575117,120.979556
"May 2, 2022",May 2022,1:35:00 PM,Vehicular / Road Traffic Accident,Motorcycle (Loss of Control),roxas blvd south bound infront of dolomite beach,District 5," 14°36'28.10""N","120°57'40.48""E",14.607806,120.961244
"May 2, 2022",May 2022,7:53:00 PM,Vehicular / Road Traffic Accident,Motorcycle vs Pedestrian,Mel Lopez,District 1," 14°34'57.44""N","120°58'43.30""E",14.582622,120.978694
"May 2, 2022",May 2022,11:55:00 PM,Vehicular / Road Traffic Accident,Motorcycle vs Truck,RIZAL park ,District 5," 14°33'57.11""N","121° 0'10.61""E",14.565031,14.565031
"May 4, 2022",May 2022,1:08:00 PM,Vehicular / Road Traffic Accident,Motorcycle vs SUV,zobel roxss st. Corner osmena highway,District 5," 14°33'54.11""N","120°59'12.22""E",14.565031,120.986728
"May 4, 2022",May 2022,9:59:00 PM,Vehicular / Road Traffic Accident,Motorcycle vs Truck,mabini cor quirino,District 5," 14°33'40.08""N","120°59'31.72""E",14.561133,120.992144
"May 5, 2022",May 2022,7:51:00 AM,Vehicular / Road Traffic Accident,Motorcycle vs PUV,Adriatico cor Century Park,District 5," 14°33'47.66""N","120°59'41.85""E",14.563239,120.994958
"May 6, 2022",May 2022,9:42:00 AM,Vehicular / Road Traffic Accident,Motorcycle vs Ebike/Bike,Taft cor. Vito Cruz,District 5," 14°37'5.14""N","120°59'5.29""E",14.618094,120.984803
"May 8, 2022",May 2022,7:59:00 AM,Vehicular / Road Traffic Accident,Other:,Sta. Cruz Manila,District 3," 14°35'43.69""N","120°58'55.23""E",14.595469,120.982008
"May 8, 2022",May 2022,8:09:00 AM,Vehicular / Road Traffic Accident,Motorcycle (Loss of Control),Quezon Bridge Northbound,District 3," 14°36'19.55""N","120°57'41.32""E",14.605431,120.961478
"May 10, 2022",May 2022,1:56:00 AM,Vehicular / Road Traffic Accident,Other:,Mel Lopez Blvd,District 1," 14°36'54.87""N","120°59'32.20""E",14.615242,120.992278
"May 12, 2022",May 2022,4:34:00 AM,Vehicular / Road Traffic Accident,Motorcycle (Loss of Control),Dapitan cor. Miguelin Sampaloc Manila,District 4," 14°34'21.51""N","120°59'58.57""E",14.572642,120.999603
"May 14, 2022",May 2022,4:54:00 AM,Vehicular / Road Traffic Accident,Motorcycle vs SUV,Osmena Highway cor. San Sandres,District 5," 14°34'19.03""N","120°59'6.43""E",14.571953,120.985119
"May 15, 2022",May 2022,7:35:00 AM,Vehicular / Road Traffic Accident,Motorcycle (Loss of Control),Adriatico cor. Alonzo,District 5," 14°33'58.31""N","120°59'10.80""E",14.566197,120.986333
"May 16, 2022",May 2022,6:08:00 AM,Vehicular / Road Traffic Accident,Motorcycle (Loss of Control),in front of SOGO Malate,District 5," 14°33'52.51""N","120°59'38.94""E",14.564586,120.99415
"May 16, 2022",May 2022,9:36:00 AM,Vehicular / Road Traffic Accident,Motorcycle (Loss of Control),La Salle Taft ,District 5," 14°35'45.10""N","120°58'2.78""E",14.595861,120.967439
"May 20, 2022",May 2022,8:43:00 AM,Vehicular / Road Traffic Accident,Motorcycle (Loss of Control),DELPAN BRIDGE,District 3," 14°35'10.36""N","120°58'58.34""E",14.586211,120.982872
"May 20, 2022",May 2022,6:50:00 AM,Vehicular / Road Traffic Accident,Motorcycle (Loss of Control),TAFT AVE. COR. AYALA BLVD,District 5," 14°36'7.30""N","120°59'34.13""E",14.602028,120.992814
"May 21, 2022",May 2022,9:16:00 AM,Vehicular / Road Traffic Accident,Motorcycle (Loss of Control),Bustillos sampaloc manila,District 4," 14°35'40.10""N","121° 1'29.38""E",14.594472,121.024828
"May 22, 2022",May 2022,11:10:00 AM,Vehicular / Road Traffic Accident,Motorcycle vs Pedestrian," P. Sanchez St. Near Shakeys, Sta. Mesa Manila",District 6," 14°35'27.94""N","120°59'55.41""E",14.591094,120.998725
"May 22, 2022",May 2022,8:57:00 PM,Vehicular / Road Traffic Accident,Motorcycle vs Sedan,infront of Landers Otis Manila,District 6," 14°34'46.90""N","120°59'8.39""E",14.579694,120.985664
"May 25, 2022",May 2022,6:25:00 PM,Vehicular / Road Traffic Accident,Motorcycle vs Motorcycle,Padre Faura Infront of supreme court,District 5," 14°33'49.73""N","120°59'51.10""E",14.563814,120.997528
"May 26, 2022",May 2022,12:33:00 PM,Vehicular / Road Traffic Accident,Motorcycle (Loss of Control),P.Ocampo Singalong,District 5," 14°35'42.64""N","120°58'44.70""E",14.595178,120.979083
"May 27, 2022",May 2022,10:40:00 AM,Vehicular / Road Traffic Accident,PUV vs Pedestrian,Lawton infront of Post Office Manila,District 5," 14°34'24.70""N","120°59'38.36""E",14.573528,120.993989
"May 27, 2022",May 2022,4:10:00 PM,Vehicular / Road Traffic Accident,Motorcycle vs SUV,Singalong St. Near Quirino Ave. Malate Manila,District 5," 14°35'50.51""N","120°59'2.10""E",14.597364,120.983917
"May 28, 2022",May 2022,5:55:00 PM,Vehicular / Road Traffic Accident,Motorcycle (Loss of Control),quezon blvd south bound,District 3," 14°33'51.92""N","120°59'5.56""E",14.564422,120.984878
"May 31, 2022",May 2022,6:14:00 PM,Vehicular / Road Traffic Accident,Motorcycle (Loss of Control),roxas blvd.cor quirino,District 5," 14°36'5.01""N","121° 0'8.54""E",14.601392,121.002372
"Jun 3, 2022",June 2022,6:26:00 PM,Vehicular / Road Traffic Accident,Motorcycle vs PUJ,Ramon Magsaysay Blvd. Westbound near Vicente Cruz St. Sampaloc Manila,District 4," 14°35'55.46""N","120°58'31.88""E",14.598739,120.975522
"Jun 4, 2022",June 2022,1:02:00 AM,Vehicular / Road Traffic Accident,Motorcycle (Loss of Control),quintin paredes binondo,District 3," 14°36'51.30""N","120°59'3.09""E",14.61425,120.984192
"Jun 8, 2022",June 2022,8:47:00 AM,Vehicular / Road Traffic Accident,Motorcycle (Loss of Control),Felix huertas tayuman,District 1," 14°34'33.71""N","120°59'45.88""E",14.576031,120.996078
"Jun 10, 2022",June 2022,6:10:00 PM,Vehicular / Road Traffic Accident,Motorcycle vs PUV,Quirino extn Cor. Paz,District 5," 14°34'7.02""N","120°58'59.48""E",14.568617,120.983189
"Jun 12, 2022",June 2022,10:53:00 AM,Vehicular / Road Traffic Accident,Motorcycle vs Pedestrian,Roxas Boulevard South Bound,District 5," 14°34'7.02""N","120°58'59.48""E",14.568617,120.983189
"Jun 13, 2022",June 2022,2:33:00 AM,Vehicular / Road Traffic Accident,Motorcycle (Loss of Control),Roxas Blvd,District 5," 14°36'12.76""N","121° 1'0.24""E",14.603544,121.016733
"Jun 14, 2022",June 2022,10:09:00 PM,Vehicular / Road Traffic Accident,Motorcycle vs SUV, magsaysay ave. north bound,District 6," 14°34'46.04""N","121° 0'48.28""E",14.579456,121.013411
"Jun 15, 2022",June 2022,12:51:00 AM,Vehicular / Road Traffic Accident,Motorcycle vs PUV, sikya st cor Calderon Santa ana manila.,District 6," 14°36'42.57""N","120°59'10.88""E",14.611825,120.986356
"Jun 16, 2022",June 2022,1:39:00 PM,Vehicular / Road Traffic Accident,Motorcycle vs Ebike/Bike, A mendoza corner laon laan road,District 4," 14°34'11.61""N","120°58'57.35""E",14.569892,120.982597
"Jun 17, 2022",June 2022,11:40:00 PM,Vehicular / Road Traffic Accident,Motorcycle vs Taxi,Roxas Blvd.,District 5," 14°37'12.91""N","120°59'20.24""E",14.620253,120.988956
"Jun 20, 2022",June 2022,8:32:00 PM,Vehicular / Road Traffic Accident,Motorcycle (Loss of Control),Dimasalang rd. Sampaloc,District 4," 14°37'15.35""N","120°58'40.88""E",14.620931,120.978022
"Jun 21, 2022",June 2022,3:12:00 PM,Vehicular / Road Traffic Accident,Motorcycle vs Tricycle,Abad Santos cor. Batangas St.,District 3," 14°34'31.23""N","120°59'11.53""E",14.575342,120.986536
"Jun 22, 2022",June 2022,11:12:00 PM,Vehicular / Road Traffic Accident,Motorcycle vs Motorcycle,Pedro gil,District 5," 14°37'3.90""N","120°58'18.47""E",14.61775,120.971797
"Jun 23, 2022",June 2022,3:08:00 AM,Vehicular / Road Traffic Accident,Motorcycle (Loss of Control),Tayuman st infront of Rizal Elementary School ,District 1," 14°34'36.53""N","120°59'23.24""E",14.576814,120.973122
"Jun 23, 2022",June 2022,12:53:00 AM,Vehicular / Road Traffic Accident,Motorcycle vs Motorcycle,Pedro Gil. St. Cor. Agoncillo St. Malate Manila,District 5," 14°34'6.16""N","120°58'59.73""E",14.568378,120.983258
"Jun 26, 2022",June 2022,9:12:00 PM,Vehicular / Road Traffic Accident,Motorcycle vs Motorcycle,roxas blvd,District 5," 14°35'51.25""N","121° 1'7.93""E",14.597569,121.018869
"Jun 27, 2022",June 2022,10:07:00 PM,Vehicular / Road Traffic Accident,Motorcycle (Loss of Control),infront of Amaia Sky Bacood Sta. Mesa,District 6," 14°35'20.85""N","120°58'51.48""E",14.589125,120.980967
"Jun 28, 2022",June 2022,10:34:00 PM,Vehicular / Road Traffic Accident,Bicycle (Loss of Control),lagusnilad,District 5," 14°37'43.49""N","120°57'54.52""E",14.628747,120.965144
"Jun 28, 2022",June 2022,3:25:00 PM,Vehicular / Road Traffic Accident,Motorcycle vs Tricycle,H.Lopez tondo,District 2," 14°33'59.41""N","121° 0'9.71""E",14.566503,121.002697
"Jul 4, 2022",July 2022,11:35:00 PM,Vehicular / Road Traffic Accident,Motorcycle (Loss of Control),Osmeña h-way cor. P. Ocampo,District 5," 14°34'5.72""N","120°58'59.48""E",14.568256,120.983189
"Jul 5, 2022",July 2022,9:03:00 AM,Vehicular / Road Traffic Accident,Motorcycle (Loss of Control),Roxas Blvd. Southbound,District 5," 14°35'53.99""N","120°59'1.19""E",14.598331,120.983664
"Jul 5, 2022",July 2022,6:57:00 PM,Vehicular / Road Traffic Accident,Bicycle (Loss of Control),Quiapo Church,District 3," 14°35'46.28""N","120°58'58.79""E",14.596189,120.982997
"Jul 6, 2022",July 2022,8:00:00 AM,Vehicular / Road Traffic Accident,Pedicab (Loss of Control),Quezon Bridge Northbound,District 5," 14°36'0.38""N","121° 1'0.05""E",14.600106,121.016681
"Jul 7, 2022",July 2022,8:01:00 AM,Vehicular / Road Traffic Accident,Motorcycle vs Motorcycle,V. Mapa,District 6," 14°34'12.98""N","120°59'29.25""E",14.570272,120.991458
"Jul 8, 2022",July 2022,8:18:00 AM,Vehicular / Road Traffic Accident,Motorcycle vs Close Van,Taft Ave Cor Quirino Ave,District 5," 14°36'57.09""N","120°59'42.17""E",14.615858,120.995047
"Jul 8, 2022",July 2022,6:16:00 PM,Vehicular / Road Traffic Accident,Motorcycle (Loss of Control),P.Margal ,District 5," 14°36'54.97""N","120°59'24.11""E",14.615269,120.990031
"Jul 9, 2022",July 2022,6:59:00 AM,Vehicular / Road Traffic Accident,Motorcycle (Loss of Control),laon laan sampaloc,District 4," 14°37'3.19""N","120°58'11.34""E",14.617553,120.969817
"Jul 12, 2022",July 2022,11:25:00 AM,Vehicular / Road Traffic Accident,Motorcycle (Loss of Control),Herbosa st. (Pritil Public Market),District 1," 14°35'22.43""N","120°59'51.11""E",14.589564,120.997531
"Jul 12, 2022",July 2022,6:12:00 PM,Vehicular / Road Traffic Accident,Motorcycle vs Pedestrian,"Otis , Paco, Manila in front of Mitsubishi Motor",District 5," 14°33'36.73""N","120°59'37.42""E",14.560203,120.993728
"Jul 12, 2022",July 2022,6:23:00 PM,Vehicular / Road Traffic Accident,Motorcycle (Loss of Control),Leveriza cor. Quirino Ave.,District 5," 14°35'46.92""N","120°58'59.45""E",14.596367,120.983181
"Jul 12, 2022",July 2022,6:45:00 PM,Vehicular / Road Traffic Accident,Motorcycle vs Ebike/Bike,Quezon Bridge,District 5," 14°35'16.46""N","120°58'21.42""E",14.587906,120.972617
"Jul 13, 2022",July 2022,3:34:00 PM,Vehicular / Road Traffic Accident,Motorcycle (Loss of Control),Port Area (In Front of DPWH),District 5," 14°35'6.68""N","120°58'46.05""E",14.585189,120.979458
"Jul 13, 2022",July 2022,7:28:00 PM,Vehicular / Road Traffic Accident,Motorcycle vs Close Van,Maria Orosa corner Padre Burgos,District 5," 14°37'11.47""N","120°57'50.00""E",14.619853,120.963889
"Jul 14, 2022",July 2022,5:13:00 AM,Vehicular / Road Traffic Accident,Motorcycle vs Motorcycle,Capulong St. Tondo Manila (in front of I.N.C),District 1," 14°37'18.57""N","120°57'36.04""E",14.621825,120.960011
"Jul 15, 2022",July 2022,4:26:00 PM,Vehicular / Road Traffic Accident,Motorcycle vs Motorcycle,Along M. Lopez Blvd. Brgy. 105 Northbound,District 1," 14°33'59.30""N","121° 0'11.00""E",14.566472,121.003056
"Jul 16, 2022",July 2022,10:52:00 AM,Vehicular / Road Traffic Accident,Motorcycle (Loss of Control),P. Ocampo st. near PNR,District 5," 14°35'21.92""N","120°58'51.42""E",14.589422,120.98095
"Jul 16, 2022",July 2022,12:23:00 AM,Vehicular / Road Traffic Accident,Bicycle (Loss of Control),Lagusnilad,District 5," 14°35'28.45""N","120°59'11.21""E",14.591236,120.986447
"Jul 18, 2022",July 2022,3:17:00 PM,Vehicular / Road Traffic Accident,Motorcycle vs Ebike/Bike,Ayala Bridge,District 5," 14°34'57.55""N","120°58'29.16""E",14.582653,120.974767
"Jul 19, 2022",July 2022,2:36:00 PM,Vehicular / Road Traffic Accident,Motorcycle vs Ebike/Bike,Katigbak drive eastbound,District 5," 14°36'57.73""N","120°59'12.11""E",14.616036,120.986697
"Jul 20, 2022",July 2022,1:40:00 PM,Vehicular / Road Traffic Accident,Motorcycle vs PUJ,Alfonso Mendoza corner San Lazaro,District 3," 14°34'48.24""N","120°59'22.24""E",14.580067,120.989511
"Jul 20, 2022",July 2022,7:24:00 AM,Vehicular / Road Traffic Accident,Motorcycle vs Sedan,Apacible St. corner Nakpil Paco Manila,District 5," 14°34'33.31""N","120°59'28.00""E",14.575919,120.991111
"Jul 21, 2022",July 2022,2:56:00 AM,Vehicular / Road Traffic Accident,Motorcycle vs Sedan,Pedro Gil cor. Adriatico,District 5," 14°35'27.15""N","120°58'50.46""E",14.590875,120.980683
"Jul 22, 2022",July 2022,9:44:00 AM,Vehicular / Road Traffic Accident,Motorcycle vs Bus, Infront of Kartilya,District 5," 14°35'59.02""N","121° 0'56.18""E",14.599728,121.015606
"Jul 22, 2022",July 2022,5:08:00 PM,Vehicular / Road Traffic Accident,Motorcycle vs Pedestrian,Old Sta mesa eastbound,District 6," 14°34'26.04""N","120°59'35.09""E",14.5739,120.993081
"Jul 22, 2022",July 2022,9:51:00 PM,Vehicular / Road Traffic Accident,Motorcycle vs SUV,Remedios st. cor. Benitez st.,District 5," 14°35'48.06""N","120°59'0.99""E",14.596683,120.983608
"Jul 23, 2022",July 2022,6:58:00 AM,Vehicular / Road Traffic Accident,Other:,Quezon bridge southbound,District 5," 14°34'27.47""N","120°59'1.50""E",14.574297,120.98375
"Jul 23, 2022",July 2022,12:48:00 PM,Vehicular / Road Traffic Accident,Motorcycle vs Motorcycle,Pedro Gil cor Adriatico,District 5," 14°34'37.13""N","120°59'49.65""E",14.576981,120.997125
"Jul 23, 2022",July 2022,1:36:00 PM,Vehicular / Road Traffic Accident,Motorcycle (Loss of Control),Quirino ave. cor osmeña highway,District 5," 14°33'48.51""N","120°59'41.42""E",14.563475,120.994839
"Jul 23, 2022",July 2022,4:17:00 PM,Vehicular / Road Traffic Accident,Motorcycle (Loss of Control), La Salle college of saint benilde,District 5," 14°34'53.17""N","120°59'44.67""E",14.581436,120.995742
"Jul 23, 2022",July 2022,10:36:00 PM,Vehicular / Road Traffic Accident,Motorcycle vs SUV, Merced st cor San Gregorio Paco Manila,District 5," 14°35'27.05""N","120°58'50.42""E",14.590847,120.980672
"Jul 24, 2022",July 2022,7:31:00 AM,Vehicular / Road Traffic Accident,Bicycle (Loss of Control),Padre Burgos St. Infront of Kartilya,District 5," 14°35'48.03""N","120°58'36.51""E",14.596675,120.976808
"Jul 25, 2022",July 2022,9:32:00 AM,Vehicular / Road Traffic Accident,Motorcycle vs PUV,Jones Bridge cor. Escolta,District 3," 14°35'27.41""N","120°58'50.28""E",14.590947,120.980717
"Jul 25, 2022",July 2022,12:33:00 PM,Vehicular / Road Traffic Accident,PUV vs Ebike/Bike,Kartilya ng Katipunan,District 5," 14°35'26.36""N","120°58'50.54""E",14.590656,120.980706
"Jul 26, 2022",July 2022,1:52:00 AM,Vehicular / Road Traffic Accident,Motorcycle (Loss of Control),Kartilya ,District 5," 14°37'24.67""N","120°57'52.63""E",14.623519,120.964619
"Jul 26, 2022",July 2022,9:33:00 PM,Vehicular / Road Traffic Accident,Motorcycle vs Ebike/Bike,Velasquez cor. Ugbo,District 1," 14°34'50.37""N","120°58'26.81""E",14.580658,120.974114
"Jul 27, 2022",July 2022,11:56:00 AM,Vehicular / Road Traffic Accident,Motorcycle vs Sedan,Quirino Grandstand,District 5," 14°34'20.79""N","120°59'25.00""E",14.572442,120.990278
"Jul 28, 2022",July 2022,3:20:00 PM,Vehicular / Road Traffic Accident,Motorcycle vs Ambulance,Remedios St. cor. Taft Ave. Malate Manila,District 5," 14°35'39.01""N","120°58'45.74""E",14.594169,120.979372
"Jul 28, 2022",July 2022,4:53:00 PM,Vehicular / Road Traffic Accident,Motorcycle vs PUV,Lawton,District 5," 14°36'8.20""N","120°59'12.63""E",14.602278,120.986842
"Jul 28, 2022",July 2022,7:40:00 PM,Vehicular / Road Traffic Accident,Motorcycle (Loss of Control),Recto Ave.,District 3," 14°36'23.48""N","120°58'11.63""E",14.606522,120.969897
"Jul 31, 2022",July 2022,9:31:00 AM,Vehicular / Road Traffic Accident,Motorcycle (Loss of Control),"Juan Luna Cor Carmen St., Tondo Mnila",District 5," 14°36'42.26""N","120°59'42.03""E",14.611739,120.995008
"Aug 2, 2022",August 2022,8:00:00 AM,Vehicular / Road Traffic Accident,SUV vs Pedestrian,Vicente Cruz cor. España Blvd.,District 4," 14°35'32.89""N","120°59'13.30""E",14.592469,120.987028
"Aug 2, 2022",August 2022,11:19:00 AM,Vehicular / Road Traffic Accident,Motorcycle vs Ambulance,Carlos Palanca cor Ayala Bridge,District 5," 14°34'8.57""N","121° 0'5.48""E",14.569047,121.001522
"Aug 3, 2022",August 2022,1:00:00 PM,Vehicular / Road Traffic Accident,Motorcycle vs Ebike/Bike,Osmeña Highway near F. Torres st.,District 5," 14°34'27.57""N","120°59'41.10""E",,
"Aug 4, 2022",August 2022,11:24:00 AM,Vehicular / Road Traffic Accident,Motorcycle vs PUJ,Quirino cor. A. Linao,District 5," 14°37'37.50""N","120°58'5.91""E",14.627083,120.968308
"Aug 7, 2022",August 2022,11:19:00 AM,Vehicular / Road Traffic Accident,Bicycle (Loss of Control),"Earnshaw cor. Cavite, Balut",District 2," 14°33'45.62""N","120°59'42.86""E",14.562672,120.995239
"Aug 10, 2022",August 2022,5:00:00 PM,Vehicular / Road Traffic Accident,Motorcycle (Loss of Control),taft ave southbound cor P. Ocampo,District 5," 14°33'52.86""N","120°59'38.70""E",14.564683,120.994083
"Aug 12, 2022",August 2022,4:50:00 PM,Vehicular / Road Traffic Accident,Motorcycle (Loss of Control),Taft Avenue in front of DLSU,District 5," 14°34'15.47""N","120°59'31.84""E",14.570964,120.992178
"Aug 13, 2022",August 2022,6:22:00 AM,Vehicular / Road Traffic Accident,Motorcycle vs PUV,Leon Guinto St. corner Quirino Avenue,District 5," 14°34'35.20""N","120°59'20.81""E",14.576444,120.989114
"Aug 14, 2022",August 2022,4:30:00 AM,Vehicular / Road Traffic Accident,PUV vs PUJ,"Pedro Gil St. Cor. Leon Guinto st. Malate, Manila",District 5," 14°33'59.21""N","121° 0'10.46""E",14.566447,120.002906
"Aug 14, 2022",August 2022,10:51:00 AM,Vehicular / Road Traffic Accident,PUV vs PUV,Osmeña corner Ocampo Manila,District 5," 14°37'5.73""N","120°59'36.12""E",14.618258,120.993367
"Aug 15, 2022",August 2022,5:06:00 AM,Vehicular / Road Traffic Accident,Motorcycle vs Tricycle,Laon-Laan corner Craig St. Sampaloc Manila,District 4," 14°36'50.45""N","120°59'19.66""E",14.614014,120.988794
"Aug 16, 2022",August 2022,3:53:00 AM,Vehicular / Road Traffic Accident,Motorcycle vs SUV, Lacson Ave. corner Laon-Laan Sampaloc Manila,District 3," 14°37'38.25""N","120°59'6.13""E",14.627292,120.985036
"Aug 17, 2022",August 2022,7:30:00 AM,Vehicular / Road Traffic Accident,Motorcycle vs Ebike/Bike,Aurora Blvd. corner Felix Huertas Sta. Cruz,District 3," 14°34'16.95""N","121° 0'9.01""E",14.571375,121.002503
"Aug 18, 2022",August 2022,10:05:00 PM,Vehicular / Road Traffic Accident,Motorcycle vs Pedestrian,Nakar St. corner San Andres St. Manila,District 5," 14°35'18.61""N","121° 0'2.56""E",14.588503,121.000711
"Aug 18, 2022",August 2022,3:28:00 PM,Vehicular / Road Traffic Accident,Motorcycle vs PUJ,Sampaguita St. Pandacan Manila,District 6," 14°35'45.08""N","121° 0'4.99""E",14.595856,121.001386
"Aug 18, 2022",August 2022,12:16:00 AM,Vehicular / Road Traffic Accident,Motorcycle (Loss of Control),Mabini Bridge Southbound,District 6,"14°34'30.48""N","120°58'47.49""E",14.575133,120.979858
"Aug 19, 2022",August 2022,2:18:00 AM,Vehicular / Road Traffic Accident,Motorcycle vs Truck,Along Roxas Blvd. infront of Dolomite,District 5," 14°36'18.77""N","120°58'36.56""E",14.605214,120.976822
"Aug 19, 2022",August 2022,5:40:00 PM,Vehicular / Road Traffic Accident,Motorcycle vs Pedestrian,Masangkay corner CM. Recto,District 3," 14°34'57.77""N","120°59'7.51""E",14.582714,120.985419
"Aug 19, 2022",August 2022,3:30:00 AM,Vehicular / Road Traffic Accident,PUV vs Truck,U.N Avenue,District 5," 14°34'57.70""N","120°58'29.55""E",14.582694,120.974875
"Aug 19, 2022",August 2022,12:12:00 AM,Vehicular / Road Traffic Accident,Truck vs Truck,Katigbak Roxas Blvd. beside Manila Hotel,District 5," 14°36'8.90""N","120°57'41.54""E",14.602472,120.961539
"Aug 21, 2022",August 2022,12:19:00 AM,Vehicular / Road Traffic Accident,Motorcycle vs Truck,"Along R-10 In front of Pier 4 Tondo, Manila",District 5," 14°34'8.17""N","121° 0'5.12""E",14.568936,121.001422
"Aug 21, 2022",August 2022,12:11:00 PM,Vehicular / Road Traffic Accident,Motorcycle vs Ebike/Bike,San Andres St. cor. Osmeña Highway Southbound,District 5," 14°36'47.02""N","120°59'2.03""E",14.613061,120.983897
"Aug 22, 2022",August 2022,5:52:00 AM,Vehicular / Road Traffic Accident,Motorcycle vs SUV,Quiricada St. Sta Cruz Manila,District 3," 14°35'33.11""N","121° 0'35.56""E",14.592531,121.009822
"Aug 22, 2022",August 2022,9:24:00 AM,Vehicular / Road Traffic Accident,Motorcycle (Loss of Control),Jesus Street Pandacan Manila,District 6," 14°36'15.45""N","120°58'48.81""E",14.604292,120.980225
"Aug 22, 2022",August 2022,7:02:00 PM,Vehicular / Road Traffic Accident,PUV vs Pedestrian,Recto cor. Severino Reyes St. beside Cartimar recto,District 3," 14°37'1.44""N","120°58'32.76""E",14.617067,120.975767
"Aug 23, 2022",August 2022,5:00:00 AM,Vehicular / Road Traffic Accident,Motorcycle vs Motorcycle,Tayuman corner Katamanan St. Brgy 233 Tondo Manila infornt Immaculate Concepcion Chruch,District 2," 14°37'27.41""N","120°58'58.79""E",14.624281,120.982997
"Aug 24, 2022",August 2022,11:40:00 PM,Vehicular / Road Traffic Accident,Motorcycle (Loss of Control),Rizal ave. cor. Cavite,District 3," 14°35'46.87""N","120°58'59.31""E",14.596353,120.983142
"Aug 25, 2022",August 2022,4:24:00 PM,Vehicular / Road Traffic Accident,Motorcycle vs Ebike/Bike,Quezon Bridge South bound,District 5," 14°34'47.88""N","120°59'9.45""E",14.579967,120.985958
"Aug 26, 2022",August 2022,8:26:00 AM,Vehicular / Road Traffic Accident,Motorcycle vs Pedestrian,"Taft ave. NB, near PGH pedestrian traffic light",District 5," 14°34'59.72""N","120°59'13.38""E",14.583256,120.98705
"Aug 26, 2022",August 2022,8:34:00 PM,Vehicular / Road Traffic Accident,Motorcycle vs SUV,UN Ave Corner San Marcelino,District 5," 14°35'45.83""N","120°58'1.69""E",14.596064,120.967136
"Aug 28, 2022",August 2022,2:42:00 PM,Vehicular / Road Traffic Accident,Motorcycle vs PUJ,Delpan Bridge South Bound,District 1," 14°34'37.48""N","120°59'49.59""E",14.577078,120.997108
"Aug 29, 2022",August 2022,12:38:00 AM,Vehicular / Road Traffic Accident,Motorcycle (Loss of Control),Quirino ave. cor. Osmeña ,District 5," 14°36'54.60""N","120°59'39.64""E",14.615167,120.994344
"Aug 29, 2022",August 2022,1:29:00 AM,Vehicular / Road Traffic Accident,Motorcycle (Loss of Control),Py. Margal St. corner Antipolo St. Sampaloc Manila,District 4," 14°33'43.75""N","120°59'29.13""E",14.562153,120.991425
"Aug 29, 2022",August 2022,1:45:00 AM,Vehicular / Road Traffic Accident,Motorcycle (Loss of Control),Adriatico st in front of harizon plaza ,District 5," 14°35'8.33""N","120°58'50.43""E",14.585647,120.980675
"Aug 29, 2022",August 2022,7:58:00 AM,Vehicular / Road Traffic Accident,Motorcycle vs SUV,Finance Road Infront of National Museum,District 5," 14°36'23.53""N","120°59'29.88""E",14.606536,120.991633
"Aug 30, 2022",August 2022,1:02:00 AM,Vehicular / Road Traffic Accident,Motorcycle vs Motorcycle,Loyola st cor. moret Sampaloc Manila,District 4," 14°36'11.53""N","120°59'35.25""E",14.603203,120.993125
"Aug 31, 2022",August 2022,7:58:00 AM,Vehicular / Road Traffic Accident,Motorcycle vs SUV,Bustillos Infront of Loreto Church,District 4," 14°35'44.39""N","121° 0'5.55""E",14.595664,121.001542
"Aug 31, 2022",August 2022,9:55:00 PM,Vehicular / Road Traffic Accident,Motorcycle (Loss of Control),Nagtahan Bridge South Bound,District 6,,,,
"Sep 1, 2022",September 2022,4:31:00 PM,Vehicular / Road Traffic Accident,Mutliple Collission,Lubiran Bacood Sta. Mesa,District 6," 14°35'45.58""N","120°58'57.83""E",14.595994,120.982731
"Sep 2, 2022",September 2022,1:16:00 AM,Vehicular / Road Traffic Accident,Motorcycle (Loss of Control),Along Quezon Bridge,District 5," 14°36'38.22""N","120°58'5.00""E",14.610617,120.968056
"Sep 2, 2022",September 2022,4:07:00 AM,Vehicular / Road Traffic Accident,Motorcycle (Loss of Control),Along Concha St. corner N. Zamora St. Tondo Manila beside Sto. Niño,District 1," 14°34'20.64""N","120°59'25.05""E",14.5724,120.990292
"Sep 2, 2022",September 2022,8:24:00 PM,Vehicular / Road Traffic Accident,Motorcycle (Loss of Control), Remedios Taft,District 5," 14°34'31.00""N","120°58'47.22""E",14.575278,120.979783
"Sep 3, 2022",September 2022,1:15:00 AM,Vehicular / Road Traffic Accident,Motorcycle (Loss of Control), Roxas blvd. infront of dolomite beach,District 5," 14°36'2.81""N","121° 0'47.76""E",14.600781,121.013267
"Sep 3, 2022",September 2022,2:07:00 AM,Vehicular / Road Traffic Accident,Motorcycle (Loss of Control),Old Sta.mesa cor. Teresa,District 6," 14°36'55.97""N","120°59'56.91""E",14.615547,120.999142
"Sep 4, 2022",September 2022,2:35:00 AM,Vehicular / Road Traffic Accident,Motorcycle vs Tricycle,España Cor. Blumentritt St.,District 4," 14°36'41.54""N","120°58'1.98""E",14.611539,120.967217
"Sep 4, 2022",September 2022,4:17:00 AM,Vehicular / Road Traffic Accident,Motorcycle vs Motorcycle,Fabia St. Cor. Franco St.,District 1," 14°35'45.53""N","120°58'2.54""E",14.595981,120.967372
"Sep 4, 2022",September 2022,8:00:00 PM,Vehicular / Road Traffic Accident,Motorcycle vs Pedestrian,Delphan Bridge Northbound,District 1,"14°35'25.48""N","121° 0'6.03""E",14.590411,121.001675
"Sep 5, 2022",September 2022,1:03:00 PM,Vehicular / Road Traffic Accident,Motorcycle vs Truck,Quirino Cor. Guazon Ave. ,District 5," 14°37'22.32""N","120°58'20.97""E",14.622867,120.972492
"Sep 7, 2022",September 2022,3:01:00 AM,Vehicular / Road Traffic Accident,Motorcycle (Loss of Control),Juan Luna St. cor. Laguna St. Gagalangin Tondo Manila,District 2," 14°37'2.49""N","120°58'13.34""E",14.617358,120.970372
"Sep 7, 2022",September 2022,7:45:00 AM,Vehicular / Road Traffic Accident,Motorcycle (Loss of Control),Herbosa Prtil Tondo Manila,District 1," 14°36'55.56""N","120°59'57.29""E",14.615433,120.999247
"Sep 8, 2022",September 2022,7:53:00 AM,Vehicular / Road Traffic Accident,Motorcycle (Loss of Control),España Blumentritt,District 4," 14°34'34.86""N","120°58'45.27""E",14.57635,120.979242
"Sep 8, 2022",September 2022,12:33:00 PM,Vehicular / Road Traffic Accident,Motorcycle (Loss of Control),Roxas Blvd. in front of US Embassy Southbound,District 5," 14°36'41.54""N","120°59'41.13""E",14.611539,120.995314
"Sep 10, 2022",September 2022,11:27:00 PM,Vehicular / Road Traffic Accident,Motorcycle vs Motorcycle,España Blvd. Sampaloc Manila,District 4," 14°34'37.03""N","120°59'49.19""E",14.576953,120.996997
"Sep 10, 2022",September 2022,2:18:00 AM,Vehicular / Road Traffic Accident,Motorcycle (Loss of Control),Quirino Highway corner Osmeña,District 5," 14°34'3.25""N","120°59'33.87""E",14.567569,120.992742
"Sep 11, 2022",September 2022,4:42:00 AM,Vehicular / Road Traffic Accident,Motorcycle vs Ebike/Bike,Taft Avenue in front of Green Residences Tower,District 5," 14°36'17.02""N","120°58'42.76""E",14.604728,120.978544
"Sep 11, 2022",September 2022,1:18:00 AM,Vehicular / Road Traffic Accident,Motorcycle vs Ebike/Bike,Recto Avenue in between Alonzo St. and Benavidez St. Sta Cruz Manila,District 3," 14°37'57.68""N","120°58'28.94""E",14.632689,120.974706
"Sep 12, 2022",September 2022,2:52:00 AM,Vehicular / Road Traffic Accident,Motorcycle vs Ebike/Bike,Juan Luna St. corner Hermosa Gagalangin Tondo Manila,District 2," 14°35'55.73""N","121° 0'52.80""E",14.598814,121.014667
"Sep 13, 2022",September 2022,2:51:00 AM,Vehicular / Road Traffic Accident,Motorcycle (Loss of Control)," Valenzuela cor. Zamora, Sta.Mesa, Manila",District 6," 14°34'42.71""N","120°59'39.37""E",14.578531,120.994269
"Sep 13, 2022",September 2022,3:03:00 AM,Vehicular / Road Traffic Accident,Motorcycle vs PUV,"Pedro Gil cor. Quirino, Paco, Manila",District 5," 14°34'41.74""N","120°58'50.60""E",14.578261,120.980722
"Sep 13, 2022",September 2022,4:14:00 AM,Vehicular / Road Traffic Accident,PUV vs Pedestrian," Cowboy Grill, Malate,Manila",District 5," 14°35'41.42""N","121° 0'5.14""E",14.594839,121.001428
"Sep 13, 2022",September 2022,7:12:00 AM,Vehicular / Road Traffic Accident,Truck (Loss of Control),Nagtahan Bridge Southbound,District 6," 14°36'20.72""N","120°59'18.15""E",14.605756,120.988375
"Sep 13, 2022",September 2022,12:05:00 PM,Vehicular / Road Traffic Accident,Motorcycle vs Pedestrian,P.Campa España Manila,District 4," 14°36'41.25""N","120°58'34.53""E",14.611458,120.976258
"Sep 14, 2022",September 2022,5:51:00 AM,Vehicular / Road Traffic Accident,Motorcycle vs SUV,Abad Santos infornt of M. Hizon Elem. School,District 3," 14°34'8.95""N","121° 0'5.39""E",14.569153,121.001497
"Sep 14, 2022",September 2022,7:42:00 AM,Vehicular / Road Traffic Accident,Motorcycle vs Motorcycle,Osmeña cor. San Andres,District 5," 14°34'29.35""N","120°59'21.05""E",14.574819,120.989181
"Sep 14, 2022",September 2022,9:17:00 PM,Vehicular / Road Traffic Accident,Motorcycle vs Truck,Taft Ave. Cor. Malvar St.,District 5," 14°35'30.72""N","120°58'48.64""E",14.591867,120.980178
"Sep 14, 2022",September 2022,11:53:00 PM,Vehicular / Road Traffic Accident,Motorcycle vs Sedan,Along P. Burgos infront of Mehan Garden Southbound ,District 5," 14°36'16.04""N","120°59'35.29""E",14.604456,120.993136
"Sep 15, 2022",September 2022,7:02:00 AM,Vehicular / Road Traffic Accident,SUV vs Bicycle,Earnshaw infront of Victory Liner,District 4," 14°37'38.18""N","120°59'6.09""E",14.627272,120.985025
"Sep 15, 2022",September 2022,10:45:00 AM,Vehicular / Road Traffic Accident,Motorcycle vs Motorcycle,Aurora Blvd cor. Felix Huertas,District 3," 14°36'16.63""N","121° 0'33.89""E",14.604619,121.009414
"Sep 16, 2022",September 2022,4:28:00 AM,Vehicular / Road Traffic Accident,Motorcycle (Loss of Control),Altura St. Barangay 581,District 6," 14°36'49.62""N","121° 0'13.84""E",14.613783,121.003844
"Sep 16, 2022",September 2022,8:26:00 PM,Vehicular / Road Traffic Accident,Motorcycle vs SUV,Sta. Cruz Bridge,District 3," 14°36'6.57""N","121° 0'19.53""E",14.601825,121.005425
"Sep 17, 2022",September 2022,10:00:00 AM,Vehicular / Road Traffic Accident,SUV vs Pedestrian,Pureza Sta Mesa,District 5," 14°35'2.14""N","120°59'20.65""E",14.583928,120.989069
"Sep 17, 2022",September 2022,7:49:00 PM,Vehicular / Road Traffic Accident,SUV vs Bicycle,"U.N Avenue Paco, Manila",District 5," 14°35'28.78""N","121° 0'5.89""E",14.591328,121.001636
"Sep 17, 2022",September 2022,10:18:00 PM,Vehicular / Road Traffic Accident,Motorcycle vs SUV,San Marcelino cor Quirino near Petron,District 5," 14°37'16.03""N","120°57'35.88""E",14.621119,120.959967
"Sep 17, 2022",September 2022,10:15:00 PM,Vehicular / Road Traffic Accident,Motorcycle vs Tricycle,Along Road 10 Northbound,District 1," 14°37'18.12""N","120°59'41.94""E",14.6217,120.994983
"Sep 18, 2022",September 2022,1:04:00 AM,Vehicular / Road Traffic Accident,Other:,Maria Clara corner Blumentritt,District 4," 14°34'5.05""N","120°59'33.17""E",14.568069,120.992547
"Sep 18, 2022",September 2022,8:30:00 PM,Vehicular / Road Traffic Accident,Motorcycle vs SUV,Taft Avenue in front of Green Mall,District 5," 14°34'13.52""N","120°59'29.87""E",14.570422,120.991631
"Sep 20, 2022",September 2022,3:30:00 AM,Vehicular / Road Traffic Accident,Motorcycle vs PUJ,Taft Ave. cor. Quirino Ave.,District 5," 14°35'32.92""N","120°59'13.55""E",14.592478,120.987097
"Sep 20, 2022",September 2022,10:19:00 PM,Vehicular / Road Traffic Accident,Motorcycle vs Tricycle,"Carlos Palanca, P. Casal Quiapo, Manila",District 3," 14°35'39.29""N","120°58'31.81""E",14.594247,120.975503
"Sep 22, 2022",September 2022,7:26:00 AM,Vehicular / Road Traffic Accident,Motorcycle vs Motorcycle,Bureau of Immigration,District 5," 14°36'2.91""N","120°59'42.63""E",14.600808,120.995175
"Sep 24, 2022",September 2022,9:32:00 AM,Vehicular / Road Traffic Accident,Pedestrian vs Bicycle,Legarda,District 4," 14°35'42.66""N","120°58'53.43""E",14.595183,120.981508
"Sep 24, 2022",September 2022,10:45:00 PM,Vehicular / Road Traffic Accident,Motorcycle vs SUV,"Quezon bridge, Quipo Manila",District 3," 14°34'26.75""N","120°59'41.64""E",14.574097,120.9949
"Sep 25, 2022",September 2022,5:45:00 AM,Vehicular / Road Traffic Accident,Motorcycle (Loss of Control),Quirino Ave. (Northbound) Infront of Shell Station and near Ramp Exit of Skyway Pandacan,District 5," 14°37'44.24""N","120°57'54.07""E",14.628956,120.965019
"Sep 25, 2022",September 2022,11:30:00 AM,Vehicular / Road Traffic Accident,Motorcycle vs Pedestrian,M. Lopez blvd. cor. Herbosa ,District 1," 14°34'50.53""N","120°59'28.78""E",14.580703,120.991328
"Sep 25, 2022",September 2022,4:13:00 PM,Vehicular / Road Traffic Accident,PUJ vs SUV,Apacible st. Paco,District 5," 14°35'11.09""N","121° 1'10.64""E",14.586414,121.019622
"Sep 27, 2022",September 2022,8:11:00 AM,Vehicular / Road Traffic Accident,Motorcycle vs Sedan,Lambingan Bridge Sta mesa,District 6," 14°35'31.72""N","120°58'49.22""E",14.592144,120.980339
"Sep 27, 2022",September 2022,10:59:00 PM,Vehicular / Road Traffic Accident,Motorcycle vs SUV,Padre Burgoz infront of Mehan Garden,District 5," 14°37'28.18""N","120°58'41.92""E",14.624494,120.978311
"Sep 28, 2022",September 2022,8:09:00 AM,Vehicular / Road Traffic Accident,Motorcycle vs Ebike/Bike,Abad santos Vargas Infront of Police Station 7,District 3," 14°36'22.68""N","121° 0'7.22""E",14.6063,121.002006
"Sep 28, 2022",September 2022,9:03:00 AM,Vehicular / Road Traffic Accident,SUV vs Bicycle, G.Tuazon Sampaloc Manila,District 4," 14°37'57.64""N","121° 1'7.00""E",14.632678,121.018611
"Sep 28, 2022",September 2022,9:49:00 AM,Vehicular / Road Traffic Accident,Motorcycle (Loss of Control),Quezon Ave.cor Roosevelt Avenue,," 14°37'28.18""N","120°58'41.92""E",14.624494,120.978311
"Sep 28, 2022",September 2022,10:00:00 AM,Vehicular / Road Traffic Accident,Motorcycle vs Ebike/Bike,Jose Abad Santos Avenue in fornt of PCP7,District 3," 14°37'44.24""N","120°57'54.07""E",14.628956,120.965019
"Sep 29, 2022",September 2022,6:22:00 AM,Vehicular / Road Traffic Accident,SUV vs Tricycle,M. Lopez infront of PPA Southbound,District 1," 14°33'57.21""N","121° 0'10.65""E",14.565892,121.002958
"Sep 29, 2022",September 2022,11:19:00 AM,Vehicular / Road Traffic Accident,Motorcycle vs Motorcycle,Zobel Roxas cor. SLEX Northbound,District 5," 14°34'24.62""N","120°58'55.68""E",14.573506,120.982133
"Sep 29, 2022",September 2022,7:43:00 PM,Vehicular / Road Traffic Accident,SUV vs Pedestrian,Pedro Gil corner M.H Del Pilar,District 5," 14°37'23.94""N","120°58'41.84""E",14.623317,120.978289
"Sep 29, 2022",September 2022,9:18:00 PM,Vehicular / Road Traffic Accident,Motorcycle (Loss of Control),Abad Santos corner Antipolo St.,District 3," 14°35'42.68""N","120°58'53.47""E",14.595189,120.981519
"Oct 1, 2022",October 2022,3:54:00 AM,Vehicular / Road Traffic Accident,Motorcycle (Loss of Control),Quezon Bridge Northbound,District 5," 14°36'2.27""N","120°59'47.99""E",14.600631,120.996664
"Oct 1, 2022",October 2022,8:22:00 PM,Vehicular / Road Traffic Accident,Motorcycle (Loss of Control),Legarda near Arellano University,District 4," 14°35'27.13""N","120°58'50.59""E",14.590869,120.980719
"Oct 2, 2022",October 2022,10:10:00 AM,Vehicular / Road Traffic Accident,Motorcycle vs Ebike/Bike,Infont of Kartilya,District 5," 14°33'51.45""N","120°59'5.90""E",14.564292,120.984972
"Oct 2, 2022",October 2022,8:00:00 PM,Vehicular / Road Traffic Accident,Motorcycle vs Motorcycle,Quirino Roxas Blvd. Intersection,District 5," 14°35'27.13""N","120°58'50.59""E",14.590869,120.980719
"Oct 2, 2022",October 2022,10:27:00 AM,Vehicular / Road Traffic Accident,Electric Tricycle vs Motorcycle,Kartilya,District 5," 14°35'9.50""N","120°59'8.96""E",14.585972,120.985822
"Oct 3, 2022",October 2022,11:07:00 AM,Vehicular / Road Traffic Accident,E-Bike (Loss of Control), San Marcelino St in front of Adamson University,District 5," 14°34'32.11""N","121° 0'34.65""E",14.575586,121.009625
"Oct 3, 2022",October 2022,3:59:00 PM,Vehicular / Road Traffic Accident,Motorcycle vs Pedestrian,Pasig line corner Sagrada Familia San Andres Manila,District 5," 14°33'40.46""N","120°59'36.17""E",14.561239,120.993381
"Oct 5, 2022",October 2022,2:10:00 PM,Vehicular / Road Traffic Accident,Motorcycle vs Sedan,Adriatico in front of Philippine Sports Commission,District 5," 14°34'34.56""N","120°59'19.22""E",14.576267,120.988672
"Oct 7, 2022",October 2022,7:17:00 AM,Vehicular / Road Traffic Accident,Motorcycle (Loss of Control),Roxas Blvd. Cor. Pedro Gil St. (Service Road) Malate Manila,District 5," 14°35'47.53""N","120°59'21.29""E",14.596536,120.989247
"Oct 10, 2022",October 2022,8:02:00 AM,Vehicular / Road Traffic Accident,Motorcycle vs PUJ,Conception Agila Eastbound,District 3," 14°33'59.17""N","121° 0'10.42""E",14.566436,121.002894
"Oct 10, 2022",October 2022,11:49:00 AM,Vehicular / Road Traffic Accident,Motorcycle vs Close Van,Pablo Ocampo corner Osmeña,District 5," 14°35'44.72""N","120°58'38.54""E",14.595756,120.977372
"Oct 11, 2022",October 2022,6:27:00 PM,Vehicular / Road Traffic Accident,Motorcycle (Loss of Control),Jones Bridge northbound,District 3," 14°36'45.06""N","120°59'45.38""E",14.612517,120.995939
"Oct 13, 2022",October 2022,8:12:00 AM,Vehicular / Road Traffic Accident,Motorcycle vs Sedan,España cor. Alfonso Mendoza,District 4," 14°34'37.77""N","120°59'49.78""E",14.577158,120.997161
"Oct 15, 2022",October 2022,9:38:00 AM,Vehicular / Road Traffic Accident,Motorcycle vs Pedestrian,Osmeña Highway,District 5," 14°34'37.77""N","120°59'49.78""E",14.577158,120.997161
"Oct 15, 2022",October 2022,9:38:00 AM,Vehicular / Road Traffic Accident,Motorcycle vs Pedestrian,Osmeña highway,District 5," 14°35'57.12""N","120°59'31.88""E",14.5992,120.992189
"Oct 16, 2022",October 2022,7:56:00 PM,Vehicular / Road Traffic Accident,Motorcycle (Loss of Control),Legarda Infront of CEU,District 4," 14°37'5.42""N","120°57'57.08""E",14.618172,120.965856
"Oct 16, 2022",October 2022,11:31:00 PM,Vehicular / Road Traffic Accident,Motorcycle vs Pedestrian,Velasquez cor. Gerona,District 1," 14°34'37.77""N","120°59'49.78""E",14.577158,120.997161
"Oct 17, 2022",October 2022,7:42:00 AM,Vehicular / Road Traffic Accident,Motorcycle (Loss of Control),Quirino corner Osmeña Highway,District 5," 14°36'12.05""N","120°59'48.11""E",14.603347,120.996697
"Oct 18, 2022",October 2022,7:45:00 AM,Vehicular / Road Traffic Accident,Tricycle vs Pedestrian,G. Tuanzon cor. Cayco,District 4," 14°35'11.15""N","121° 0'18.75""E",14.586431,121.005208
"Oct 18, 2022",October 2022,9:59:00 AM,Vehicular / Road Traffic Accident,Motorcycle vs Ebike/Bike,Laura st. cor. Carreon,District 6," 14°36'12.37""N","120°59'35.24""E",14.603436,120.993122
"Oct 19, 2022",October 2022,8:17:00 AM,Vehicular / Road Traffic Accident,Motorcycle vs Pedestrian,Legarda cor. Bustillos,District 4," 14°37'37.43""N","120°57'36.13""E",14.627064,120.960036
"Oct 20, 2022",October 2022,8:44:00 AM,Vehicular / Road Traffic Accident,Motorcycle (Loss of Control),"Mel Lopez cor. Capulong, Tondo",District 1," 14°34'43.70""N","120°59'49.59""E",14.578806,120.997108
"Oct 22, 2022",October 2022,8:18:00 AM,Vehicular / Road Traffic Accident,Motorcycle vs Sedan,Pedro Gil,District 5," 14°34'14.25""N","120°58'57.11""E",14.570625,120.982531
"Oct 26, 2022",October 2022,10:12:00 AM,Vehicular / Road Traffic Accident,Motorcycle vs Sedan,Roxas Blvd. Service rd. in front of Palacio De Manila,District 5," 14°36'55.53""N","120°59'7.56""E",14.615425,120.985433
"Oct 27, 2022",October 2022,8:50:00 AM,Vehicular / Road Traffic Accident,Motorcycle vs Tricycle,P. Guevarra street cor. Malabon street Sta. Cruz Manila,District 3," 14°37'23.07""N","120°58'12.81""E",14.623075,120.970225
"Oct 30, 2022",October 2022,8:09:00 AM,Vehicular / Road Traffic Accident,Motorcycle vs Ebike/Bike,North Bay Boulevard in front of PNB,District 1," 14°34'22.96""N","120°58'56.56""E",14.573044,120.982378
"Nov 1, 2022",November 2022,7:00:00 PM,Vehicular / Road Traffic Accident,Motorcycle (Loss of Control),Del Pilar street San Andres Manila,District 5," 14°35'52.43""N","120°59'22.17""E",14.597897,120.989492
"Nov 2, 2022",November 2022,4:19:00 PM,Vehicular / Road Traffic Accident,Motorcycle vs Motorcycle,Nepomuceno Quiapo Manila,District 3," 14°37'0.37""N","120°57'35.89""E",14.616769,120.959969
"Nov 2, 2022",November 2022,7:15:00 PM,Vehicular / Road Traffic Accident,Motorcycle vs Ebike/Bike,Road 10 Tondo Manila,District 1," 14°37'0.37""N","120°57'35.89""E",14.616769,120.959969
"Nov 2, 2022",November 2022,7:22:00 PM,Vehicular / Road Traffic Accident,Motorcycle vs Pedestrian,Road 10,District 1," 14°37'0.37""N","120°57'35.89""E",14.616769,120.959969
"Nov 3, 2022",November 2022,12:52:00 AM,Vehicular / Road Traffic Accident,Motorcycle vs Truck,Road 10,District 1," 14°37'43.86""N","120°57'54.25""E",14.62885,120.965069
"Nov 4, 2022",November 2022,11:21:00 PM,Vehicular / Road Traffic Accident,Motorcycle (Loss of Control),Honorio Lopez Blvd.,District 1," 14°37'37.77""N","120°58'24.46""E",14.627158,120.973461
"Nov 6, 2022",November 2022,3:54:00 AM,Vehicular / Road Traffic Accident,Motorcycle vs Motorcycle,Juan Luna in front of Torres High School,District 2," 14°34'58.34""N","120°58'31.70""E",14.582872,120.975472
"Nov 6, 2022",November 2022,1:05:00 PM,Vehicular / Road Traffic Accident,Motorcycle vs Motorcycle,Roxas Blvd. Katigbak,District 5," 14°35'6.48""N","120°58'45.96""E",14.585133,120.979433
"Nov 7, 2022",November 2022,2:30:00 AM,Vehicular / Road Traffic Accident,PUV (Loss of Control),Padre Burgos corner General Luna,District 5," 14°36'8.63""N","120°58'20.21""E",14.602322,120.972281
"Nov 7, 2022",November 2022,7:25:00 AM,Vehicular / Road Traffic Accident,Motorcycle vs Ebike/Bike,Juan Luna Binondo Manila,District 3," 14°34'37.46""N","120°59'49.59""E",14.577072,120.997108
"Nov 7, 2022",November 2022,10:29:00 AM,Vehicular / Road Traffic Accident,Motorcycle (Loss of Control),Quirino corner Osmeña highway,District 5," 14°35'7.28""N","120°59'36.18""E",14.585356,120.993383
"Nov 8, 2022",November 2022,10:28:00 AM,Vehicular / Road Traffic Accident,Motorcycle vs Motorcycle,Otis Paco Manila in front of Mitsubishi Motors,District 5," 14°35'22.99""N","120°58'51.61""E",14.589719,120.981003
"Nov 13, 2022",November 2022,4:17:00 PM,Vehicular / Road Traffic Accident,Motorcycle vs PUJ,Lagusnilad Southbound,District 5," 14°36'34.04""N","120°57'40.47""E",14.609456,120.961242
"Nov 14, 2022",November 2022,7:16:00 PM,Vehicular / Road Traffic Accident,Truck vs Pedestrian Struck,Along Road 10 near Moriones Tondo Manila,District 1," 14°35'41.98""N","120°58'45.22""E",14.594994,120.979228
"Nov 15, 2022",November 2022,8:45:00 AM,Vehicular / Road Traffic Accident,Etrike vs Armored van,Infront of post office,District 5," 14°33'45.36""N","120°59'42.48""E",14.5626,120.995133
"Nov 16, 2022",November 2022,8:40:00 AM,Vehicular / Road Traffic Accident,Motorcycle vs Truck,P. Ocampo cor. Vito cruz,District 4," 14°34'48.46""N","120°59'23.32""E",14.580128,120.989811
"Nov 16, 2022",November 2022,8:09:00 PM,Vehicular / Road Traffic Accident,Motorcycle vs SUV,apacible cor. romualdez paco manila,District 6," 14°32'36.96""N","120°59'29.85""E",14.5436,120.991625
"Nov 18, 2022",November 2022,1:11:00 AM,Vehicular / Road Traffic Accident,Motorcycle vs Sedan,service road in front of US embassy,District 5," 14°35'25.06""N","120°59'8.61""E",14.590294,120.985725
"Nov 18, 2022",November 2022,7:36:00 PM,Vehicular / Road Traffic Accident,Motorcycle (Loss of Control),Ayala cor. Romualdez,District 3," 14°34'43.35""N","120°59'54.35""E",14.578708,120.998431
"Nov 19, 2022",November 2022,2:39:00 AM,Vehicular / Road Traffic Accident,Motorcycle (Loss of Control),Quirino cor. Pedro Gil,District 5," 14°35'14.33""N","120°59'43.50""E",14.587314,120.995417
"Nov 19, 2022",November 2022,9:18:00 AM,Vehicular / Road Traffic Accident,Motorcycle vs PUV,Otis in front of Robinson,District 5," 14°33'51.93""N","120°59'39.26""E",14.564425,120.994239
"Nov 19, 2022",November 2022,11:14:00 AM,Vehicular / Road Traffic Accident,Motorcycle (Loss of Control),Taft Avenue in Front of La Salle,District 5," 14°34'11.73""N","120°58'58.29""E",14.569925,120.982858
"Nov 20, 2022",November 2022,12:04:00 AM,Vehicular / Road Traffic Accident,SUV vs Pedestrian,Service Road Roxas Blvd.,District 5," 14°35'1.06""N","120°59'17.49""E",14.583628,120.988192
"Nov 20, 2022",November 2022,7:41:00 AM,Vehicular / Road Traffic Accident,Motorcycle vs PUV,Romualdez cor. United Nation,District 5," 14°35'38.16""N","121° 0'43.95""E",14.593933,121.012208
"Nov 20, 2022",November 2022,2:35:00 PM,Vehicular / Road Traffic Accident,Motorcycle vs SUV,Zamora Bridge,District 6," 14°36'4.47""N","121° 0'0.40""E",14.601242,121.000111
"Nov 20, 2022",November 2022,8:11:00 PM,Vehicular / Road Traffic Accident,Motorcycle vs Ebike/Bike,Nagtahan Bridge South bound,District 6," 14°36'3.91""N","121° 0'0.24""E",14.601086,121.000067
"Nov 21, 2022",November 2022,11:13:00 AM,Vehicular / Road Traffic Accident,Motorcycle vs PUJ,Nagtahan in front of Savemore,District 6," 14°34'9.04""N","121° 0'4.10""E",14.569178,121.001139
"Nov 22, 2022",November 2022,12:31:00 AM,Vehicular / Road Traffic Accident,Motorcycle vs SUV,Osmeña Highway southbound cor. F. Torres,District 5," 14°36'16.82""N","120°57'57.74""E",14.604672,120.966039
"Nov 22, 2022",November 2022,8:05:00 AM,Vehicular / Road Traffic Accident,Motorcycle vs Pedestrian,Infront of Manila Harbour Square Tondo Manila,District 1," 14°34'50.25""N","120°58'43.37""E",14.580625,120.978714
"Nov 22, 2022",November 2022,8:54:00 AM,Vehicular / Road Traffic Accident,Motorcycle vs Ebike/Bike,Kalaw corner Del Pilar ,District 5," 14°35'19.26""N","120°59'4.57""E",14.588683,120.984603
"Nov 23, 2022",November 2022,12:28:00 AM,Vehicular / Road Traffic Accident,Motorcycle vs Truck,San Marcelino cor. Ayala,District 5," 14°35'20.81""N","120°58'51.39""E",14.589114,120.980942
"Nov 23, 2022",November 2022,12:33:00 PM,Vehicular / Road Traffic Accident,Motorcycle (Loss of Control),Lagusnilad,District 5," 14°34'45.96""N","121° 0'4.10""E",14.579433,121.001139
"Nov 24, 2022",November 2022,1:59:00 PM,Vehicular / Road Traffic Accident,Motorcycle (Loss of Control),antonio isip st. paco,District 5," 14°35'20.81""N","120°58'51.39""E",14.589114,121.980942
"Nov 24, 2022",November 2022,5:57:00 PM,Vehicular / Road Traffic Accident,Motorcycle vs Close Van,lagusnilad,District 5," 14°35'54.81""N","120°59'2.51""E",14.598558,120.984031
"Nov 28, 2022",November 2022,6:54:00 AM,Vehicular / Road Traffic Accident,Motorcycle (Loss of Control),in front of quiapo church,District 3," 14°34'29.48""N","120°59'29.86""E",14.574856,120.991628
"Nov 29, 2022",November 2022,8:56:00 AM,Vehicular / Road Traffic Accident,Truck vs Sedan,san marcelino remedios,District 5," 14°34'43.94""N","120°58'40.88""E",14.578872,120.978022
"Nov 30, 2022",November 2022,5:31:00 AM,Vehicular / Road Traffic Accident,Motorcycle vs SUV,roxas blvd. u.n ave. ,District 5," 14°37'0.14""N","120°58'57.66""E",14.616706,120.982683
"Nov 30, 2022",November 2022,6:07:00 PM,Vehicular / Road Traffic Accident,bicycle vs tricycle,tayuman cor rizal ave. near jollibee,District 2," 14°35'48.16""N","120°58'49.42""E",14.596711,120.980394
"Nov 30, 2022",November 2022,4:34:00 AM,Vehicular / Road Traffic Accident,Motorcycle (Loss of Control),mc arthur bridge southbound,District 5," 14°35'47.45""N","120°59'22.06""E",14.596514,120.989461
"Dec 1, 2022",December 2022,7:35:00 AM,Vehicular / Road Traffic Accident,Motorcycle (Loss of Control),P. Casal corner Arlegui Quiapo Manila,District 3," 14°34'53.42""N","120°58'35.49""",14.581506,120.976525
"Dec 1, 2022",December 2022,8:50:00 AM,Vehicular / Road Traffic Accident,Motorcycle (Loss of Control),Roxas Blvd (Northbound) Near Luneta Park Flagpole,District 5," 14°35'31.80""N","120°58'49.23""E",14.592167,120.980342
"Dec 2, 2022",December 2022,1:49:00 AM,Vehicular / Road Traffic Accident,Motorcycle (Loss of Control), infront of Mehan Garden ,District 5," 14°34'43.36""N","120°59'54.31""E",14.578711,120.998419
"Dec 2, 2022",December 2022,7:31:00 PM,Vehicular / Road Traffic Accident,Motorcycle (Loss of Control),quirino ave. cor. pedro gil,District 5," 14°35'31.80""N","120°58'49.23""E",14.592167,120.980342
"Dec 2, 2022",December 2022,12:55:00 AM,Vehicular / Road Traffic Accident,Motorcycle (Loss of Control), Infront of Mehan Garden,District 5," 14°35'15.86""N","120°58'54.61""E",14.587739,120.981836
"Dec 2, 2022",December 2022,1:49:00 AM,Vehicular / Road Traffic Accident,PUV vs PUJ,Along Taft avenue corner Antonio Villegas,District 5," 14°35'10.42""N","120°58'57.58""E",14.586228,120.982661
"Dec 3, 2022",December 2022,3:58:00 AM,Vehicular / Road Traffic Accident,Motorcycle vs Motorcycle, Finance Road corner Taft,District 5," 14°36'9.86""N","120°58'19.39""E",14.602739,120.972053
"Dec 4, 2022",December 2022,9:38:00 AM,Vehicular / Road Traffic Accident,Motorcycle vs Pedestrian,Juan Luna Cor.Dasma Binondo,District 3," 14°36'9.86""N","120°58'19.39""E",14.602739,120.972053
"Dec 6, 2022",December 2022,3:16:00 PM,Vehicular / Road Traffic Accident,Motorcycle vs Pedestrian,Juan Luna Binondo Divisoria,District 3," 14°36'11.02""N","120°57'51.82""E",14.603061,120.964394
"Dec 10, 2022",December 2022,5:12:00 PM,Vehicular / Road Traffic Accident,Motorcycle (Loss of Control),delpan corner zaragosa tondo manila,District 1," 14°35'46.55""N","120°58'2.19""E",14.596264,120.967275
"Dec 10, 2022",December 2022,8:52:00 PM,Vehicular / Road Traffic Accident,Motorcycle vs Tricycle,delpan bridge northbpund tondo manila,District 1," 14°34'36.30""N","120°59'23.25""E",14.57675,120.989792
"Dec 13, 2022",December 2022,11:02:00 AM,Vehicular / Road Traffic Accident,Motorcycle vs Tricycle,Agoncillo St. corner Pedro Gil Malate Manila ,District 5," 14°35'38.04""N","120°58'47.49""E",14.5939,120.979858
"Dec 13, 2022",December 2022,7:12:00 PM,Vehicular / Road Traffic Accident,Motorcycle (Loss of Control),Lawton Bridge infront of Metropolitan Theater,District 5," 14°35'46.55""N","120°58'2.19""E",14.596264,120.967275
"Dec 13, 2022",December 2022,8:43:00 PM,Vehicular / Road Traffic Accident,Motorcycle vs Tricycle, Delpan Bridge  South bound,District 3," 14°35'49.79""N","120°58'49.87""E",14.597164,120.980519
"Dec 14, 2022",December 2022,9:39:00 PM,Vehicular / Road Traffic Accident,Motorcycle (Loss of Control),mc. arthur brigde sta. cruz manila ,District 3," 14°37'43.91""N","120°57'54.28""E",14.628864,120.965078
"Dec 16, 2022",December 2022,5:34:00 AM,Vehicular / Road Traffic Accident,Motorcycle (Loss of Control),Honorio Lopez blvd,District 5," 14°37'10.60""N","120°58'40.01""E",14.619611,120.977781
"Dec 16, 2022",December 2022,9:40:00 AM,Vehicular / Road Traffic Accident,Motorcycle vs PUJ,Abad Santos corner Yuseco Tondo Manila,District 2," 14°36'36.59""N","120°59'44.17""E",14.610164,120.995603
"Dec 16, 2022",December 2022,11:44:00 AM,Vehicular / Road Traffic Accident,Motorcycle (Loss of Control),M. dela fuente st. between P. Florentino st. & España Sampaloc Manila,District 4," 14°35'49.79""N","120°58'49.87""E",14.597164,120.980519
"Dec 18, 2022",December 2022,9:00:00 PM,Vehicular / Road Traffic Accident,Motorcycle (Loss of Control),Mc Arthur Bridge,District 3," 14°34'54.00""N","120°58'51.19""E",14.581667,120.980886
"Dec 19, 2022",December 2022,5:49:00 PM,Vehicular / Road Traffic Accident,Motorcycle vs PUV,Maria Orosa cor T.M. Kalaw Malate Manila,District 5," 14°36'34.41""N","121° 0'29.95""E",14.609558,120.008319
"Dec 21, 2022",December 2022,1:13:00 PM,Vehicular / Road Traffic Accident,Motorcycle vs Motorcycle,R.Magsaysay Blvd Infront Gulod Police Station,District 6," 14°34'38.85""N","120°58'42.88""E",14.577458,120.978578
"Dec 22, 2022",December 2022,1:48:00 AM,Vehicular / Road Traffic Accident,Motorcycle (Loss of Control),Roxas Blvd. in front of US Embassy,District 5," 14°35'32.32""N","120°58'49.08""E",14.592311,120.9803
"Dec 22, 2022",December 2022,4:58:00 AM,Vehicular / Road Traffic Accident,Motorcycle (Loss of Control),In front of Mehan Garden,District 5," 14°35'51.14""N","120°58'50.03""E",14.597539,120.980564
"Dec 22, 2022",December 2022,8:30:00 PM,Vehicular / Road Traffic Accident,Kalesa vs PUJ,Mc Arthur Bridge Sta. Cruz,District 3," 14°37'32.73""N","120°57'35.84""E",14.625758,120.959956
"Dec 23, 2022",December 2022,12:34:00 AM,Vehicular / Road Traffic Accident,Motorcycle vs Truck,"Road 10, Pier 18, Tondo",District 1," 14°35'20.77""N","120°58'51.38""E",14.589103,120.980939
"Dec 23, 2022",December 2022,7:53:00 AM,Vehicular / Road Traffic Accident,Motorcycle vs Bus,Lagusnilad,District 5," 14°35'20.77""N","120°58'51.38""E",14.589103,120.980939
"Dec 23, 2022",December 2022,8:19:00 PM,Vehicular / Road Traffic Accident,Motorcycle (Loss of Control),Lagusnilad,District 5," 14°34'33.01""N","120°59'39.03""E",14.575836,120.994175
"Dec 24, 2022",December 2022,3:30:00 AM,Vehicular / Road Traffic Accident,Motorcycle (Loss of Control),Angel Linao,District 5," 14°34'43.07""N","120°58'40.51""E",14.578631,120.977919
"Dec 24, 2022",December 2022,6:36:00 AM,Vehicular / Road Traffic Accident,Motorcycle vs Truck,Roxas blvd. cor. U.N. Ave.,District 5," 14°34'24.82""N","120°59'32.79""E",14.573561,120.992442
"Dec 24, 2022",December 2022,6:40:00 AM,Vehicular / Road Traffic Accident,Motorcycle vs PUV,San Marcelino cor. Remedios,District 5," 14°34'43.07""N","120°58'40.51""E",14.578631,120.977919
"Dec 24, 2022",December 2022,8:24:00 AM,Vehicular / Road Traffic Accident,Motorcycle (Loss of Control),UN Ave cor. Roxas Blvd,District 5," 14°37'24.00""N","120°58'41.84""E",14.623333,120.978289
"Dec 25, 2022",December 2022,11:32:00 PM,Vehicular / Road Traffic Accident,Motorcycle (Loss of Control),Antipolo Cor Abad Santos,District 2," 14°33'36.06""N","120°59'13.09""E",14.560017,120.986969
"Dec 26, 2022",December 2022,12:00:00 AM,Vehicular / Road Traffic Accident,Motorcycle (Loss of Control),infron off bank ng central,District 5," 14°36'46.43""N","120°59'22.74""E",14.612897,120.98965
"Dec 26, 2022",December 2022,3:05:00 AM,Vehicular / Road Traffic Accident,PUV vs Pedestrian,lacson corner dapitan,District 4," 14°37'13.20""N","120°57'35.04""E",14.620333,120.959733
"Dec 26, 2022",December 2022,9:51:00 AM,Vehicular / Road Traffic Accident,Motorcycle vs Truck,R-10 Cor. Capulong st. Tondo Manila.,District 1," 14°35'17.93""N","120°58'20.44""E",14.588314,120.972344
"Dec 27, 2022",December 2022,3:06:00 AM,Vehicular / Road Traffic Accident,Motorcycle vs Ebike/Bike,Bonifacio Drive South Harbor Manila,District 5," 14°35'27.19""N","120°58'50.49""E",14.590886,120.980692
"Dec 29, 2022",December 2022,8:33:00 AM,Vehicular / Road Traffic Accident,Motorcycle (Loss of Control),Kartilya Ng Katipunan. P. Burgos St. Ermita Manila.,District 5,,,,